{
 "outage_edges_h": [
  4.0,
  6.0,
  8.0,
  10.0,
  12.0
 ],
 "ambient_edges_C": [
  -5.0,
  -3.0,
  -1.0,
  1.0,
  3.0,
  5.0
 ],
 "trip_rate": [
  [
   0.07971014492753623,
   0.020833333333333332,
   0.12403100775193798,
   0.13821138211382114,
   0.10476190476190476
  ],
  [
   0.12318840579710146,
   0.07575757575757576,
   0.08888888888888889,
   0.15151515151515152,
   0.12195121951219512
  ],
  [
   0.1111111111111111,
   0.07936507936507936,
   0.07936507936507936,
   0.09848484848484848,
   0.031746031746031744
  ],
  [
   0.07407407407407407,
   0.07894736842105263,
   0.1111111111111111,
   0.0990990990990991,
   0.027777777777777776
  ]
 ],
 "count": [
  [
   138,
   96,
   129,
   123,
   105
  ],
  [
   138,
   132,
   135,
   132,
   123
  ],
  [
   99,
   126,
   126,
   132,
   126
  ],
  [
   81,
   114,
   126,
   111,
   108
  ]
 ],
 "n_scenarios": 800,
 "n_policies": 3
}